neighborhood_disadvantage,violent_crime_rate,property_crime_rate
90.9,71.6,38.3
72.8,58.2,52.9
27.8,38.0,46.9
48.7,45.5,62.4
59.7,46.9,61.0
45.8,41.2,59.7
47.6,43.0,61.5
64.7,58.0,63.5
35.0,33.6,51.7
8.1,21.4,35.2
8.3,11.4,26.7
48.2,47.6,60.0
79.5,64.1,46.6
91.7,74.1,41.7
65.4,42.9,53.2
90.0,71.0,44.2
62.9,56.8,52.7
57.2,45.9,64.5
85.8,70.5,46.0
30.8,24.9,49.5
33.7,34.7,59.8
17.0,19.3,35.4
85.4,70.8,44.4
13.3,23.8,35.5
75.2,69.9,54.9
86.0,79.7,42.3
19.1,21.6,42.3
66.8,71.5,56.5
39.3,42.6,59.7
6.1,11.1,26.1
50.4,46.7,63.2
85.9,64.4,49.3
77.2,81.0,53.8
86.2,76.7,44.4
72.0,56.1,60.1
88.2,74.2,38.4
26.7,18.9,52.9
35.2,31.6,54.5
79.4,71.1,49.3
17.2,27.8,37.9
50.0,52.3,52.4
58.5,54.8,58.2
68.5,56.0,51.6
55.9,55.4,64.0
7.7,15.3,30.4
73.3,61.2,57.1
45.6,39.0,55.9
34.6,35.4,59.8
42.4,40.7,60.8
76.2,57.3,57.8
27.4,27.3,51.9
66.8,47.3,57.6
80.1,67.9,57.5
47.0,39.4,55.9
74.7,61.2,49.5
29.3,20.5,55.8
34.1,38.5,53.9
65.7,59.4,64.5
31.4,31.0,58.7
48.2,37.1,61.8
21.8,26.6,47.1
54.4,47.7,67.7
79.6,65.8,56.9
80.9,68.2,47.3
86.8,73.2,38.9
19.9,23.4,47.7
77.0,60.1,58.6
74.9,63.4,57.0
36.3,36.8,53.6
76.5,61.6,50.7
70.9,64.2,54.5
26.9,25.7,43.7
41.0,31.8,54.7
57.5,54.0,58.8
35.7,32.6,54.9
42.7,48.5,66.0
44.8,38.6,71.1
32.3,39.4,57.9
40.3,37.2,62.0
81.6,63.9,49.7
57.3,47.4,60.3
36.7,31.1,54.2
67.0,55.0,61.6
71.7,54.0,56.8
27.2,23.3,50.3
72.9,59.9,54.8
92.1,64.0,32.4
77.9,60.6,54.3
24.4,23.5,50.1
52.6,50.7,63.3
44.6,31.5,61.4
16.1,24.2,36.4
31.3,29.3,58.2
52.9,54.2,59.9
69.8,60.5,58.3
41.2,27.2,54.9
82.0,73.0,47.2
22.7,23.8,48.0
14.4,27.5,37.2
69.4,70.1,64.8
75.8,64.9,51.2
90.5,67.6,30.5
5.6,10.9,27.3
86.3,70.1,42.4
47.0,39.2,60.6
32.0,25.5,53.0
67.5,56.0,69.3
13.6,16.5,29.0
82.3,78.1,44.7
63.0,44.2,62.6
34.9,24.3,54.9
30.8,27.7,50.0
78.7,60.9,46.5
40.4,28.9,48.4
48.3,38.6,60.2
89.9,66.0,42.3
18.2,21.2,42.6
53.5,44.2,70.5
19.1,29.0,43.0
33.4,33.3,57.7
